{"name":"45c51570-727d-474f-9244-f84b927e1c79","id":"/providers/Microsoft.Flow/flows/45c51570-727d-474f-9244-f84b927e1c79","type":"Microsoft.Flow/flows","properties":{"apiId":"/providers/Microsoft.PowerApps/apis/shared_logicflows","displayName":"Efficiently Manage Earnings Season with FactSet and Microsoft Teams","definition":{"metadata":{"workflowEntityId":null,"processAdvisorMetadata":null,"flowclientsuspensionreason":"None","flowclientsuspensiontime":null,"creator":{"id":"95cfe8e6-6e31-4648-af8a-dc86065cc03f","type":"User","tenantId":"ff9b87e3-c548-4b3d-8782-7cf47b86c057"},"provisioningMethod":"FromDefinition","failureAlertSubscription":true,"clientLastModifiedTime":"2021-08-25T17:26:40.3874375Z"},"$schema":"https://schema.management.azure.com/providers/Microsoft.Logic/schemas/2016-06-01/workflowdefinition.json#","contentVersion":"1.0.0.0","parameters":{"$connections":{"defaultValue":{},"type":"Object"},"$authentication":{"defaultValue":{},"type":"SecureObject"}},"triggers":{"Recurrence":{"recurrence":{"frequency":"Week","interval":1,"startTime":"2021-06-04T11:30:00.000Z","schedule":{"weekDays":["Monday","Tuesday","Wednesday","Thursday","Friday"],"hours":["7"],"minutes":[30]}},"type":"Recurrence"}},"actions":{"Duration_In_Minutes":{"runAfter":{"API_Key":["Succeeded"]},"type":"Compose","inputs":60},"API_Key":{"runAfter":{"Username-Serial":["Succeeded"]},"type":"Compose","inputs":"API Key"},"Universe":{"runAfter":{"Duration_In_Minutes":["Succeeded"]},"type":"Compose","inputs":"FDS-US,CHWY-US,CULP-US"},"Username-Serial":{"runAfter":{},"type":"Compose","inputs":"Username-Serial"},"Must_be_Eastern":{"runAfter":{},"type":"Expression","kind":"ConvertTimeZone","inputs":{"baseTime":"@{utcNow()}","formatString":"yyyy-MM-dd","sourceTimeZone":"UTC","destinationTimeZone":"Eastern Standard Time"}},"Initialize_Array_For_Reporting_Adaptive_Card":{"runAfter":{},"type":"InitializeVariable","inputs":{"variables":[{"name":"arrReporting","type":"array"}]}},"Return_CS_Info":{"runAfter":{"Initialize_Array_For_Reported_Entry":["Succeeded"],"Calendar":["Succeeded"],"Get_my_profile_(V2)":["Succeeded"]},"type":"Http","inputs":{"method":"POST","uri":"https://api.factset.com/formula-api/v1/time-series?flatten=y","headers":{"Content-Type":"application/json","Accept":"application/json"},"body":{"data":{"formulas":["FSYM_TICKER_REGION","Proper_Name","CS_EVENT_DESC_R@{outputs('Formula_Date_Range')}[0]","CS_EVENT_DATE_R@{outputs('Formula_Date_Range')}[0]","CS_EVENT_TIME_R@{outputs('Formula_Date_Range')}[0]","CS_URL_LIVE_R@{outputs('Formula_Date_Range')}[0]","CS_PHONE_LIVE_R@{outputs('Formula_Date_Range')}[0]","CS_PASSWD_LIVE_R@{outputs('Formula_Date_Range')}[0]"],"universe":"EVAL_FQL_UNIV(IS_ANY(FSYM_TICKER_REGION,\"@{replace(outputs('Universe'), ',', '\",\"')}\"),\"(COUNT(NOT_NA_SA(CS_TICKER_R@{outputs('Formula_Date_Range')})))>0 && ISAV(CS_EVENT_TIME_R@{outputs('Formula_Date_Range')}) &&  Uppercase(CS_EVENT_TIME_R@{outputs('Formula_Date_Range')}[0])!='UNSPECIFIED' \")=1"}},"authentication":{"type":"Basic","username":"@{outputs('Username-Serial')}","password":"@{outputs('API_Key')}"}}},"Initialize_Array_For_Reported_Entry":{"runAfter":{"Initialize_Array_For_Reporting_Adaptive_Card":["Succeeded"]},"type":"InitializeVariable","inputs":{"variables":[{"name":"Entry","type":"array"}]}},"Check_Reporting_Today_Found":{"actions":{"Check_If_User_Wants_to_Add_Event":{"actions":{"Loop_Each_Event":{"foreach":"@split(outputs('Ask_User')?['body/data/Earnings'], ',')","actions":{"Split_Response":{"runAfter":{},"type":"Compose","inputs":"@split(items('Loop_Each_Event'), ';')"},"Return_Event":{"runAfter":{"Split_Response":["Succeeded"]},"type":"Query","inputs":{"from":"@body('Return_CS_Info')['data']","where":"@equals(item()['requestId'], outputs('Split_Response')[0])"}},"Create_Event":{"runAfter":{"Meeting_Body":["Succeeded"]},"type":"OpenApiConnection","inputs":{"host":{"apiId":"/providers/Microsoft.PowerApps/apis/shared_office365","connectionName":"shared_office365","operationId":"V4CalendarPostItem"},"parameters":{"table":"@outputs('Calendar')","item/subject":"@{outputs('Split_Response')[3]} For @{body('Return_Event')[0]['proper_name']}","item/start":"@outputs('Split_Response')[1]","item/end":"@outputs('Split_Response')[2]","item/timeZone":"(UTC) Coordinated Universal Time","item/body":"@outputs('Meeting_Body')","item/reminderMinutesBeforeStart":15,"item/isReminderOn":true},"authentication":"@parameters('$authentication')"}},"Meeting_Body":{"runAfter":{"Return_Event":["Succeeded"]},"type":"Compose","inputs":"<p>\n <span style=\"font-family: arial\">  <strong><a href=\"@{concat('https://my.apps.factset.com/navigator/company-security/snapshot/', body('Return_Event')[0]['FSYM_TICKER_REGION'])}\"><span>@{body('Return_Event')[0]['Proper_Name']} Snapshot</span></a><span></strong>\n     <br>\n    <strong>Description:</strong> @{body('Return_Event')[0][concat('CS_EVENT_DESC_R', outputs('Formula_Date_Range'), '[0]')]}<br>\n    <strong>Event Time: </strong>@{outputs('Split_Response')[4]}<br>\n@{if(equals(null, body('Return_Event')[0][concat('CS_URL_LIVE_R', outputs('Formula_Date_Range'), '[0]')]), '', concat('<a href=\"', body('Return_Event')[0][concat('CS_URL_LIVE_R', outputs('Formula_Date_Range'), '[0]')], '\">Event URL</a>'))}<br><strong>Phone: </strong>@{body('Return_Event')[0][concat('CS_PHONE_LIVE_R', outputs('Formula_Date_Range'), '[0]')]}<br>\n   <strong>Password: </strong>@{body('Return_Event')[0][concat('CS_PASSWD_LIVE_R', outputs('Formula_Date_Range'), '[0]')]}\n  </span>\n</p>"}},"runAfter":{},"type":"Foreach"}},"runAfter":{"Ask_User":["Succeeded"]},"expression":{"and":[{"equals":["@outputs('Ask_User')?['body/submitActionId']","OK"]},{"not":{"equals":["@null","@outputs('Ask_User')?['body/data/Earnings']"]}}]},"type":"If"},"Loop_Each_Reporting_Symbol":{"foreach":"@body('Return_CS_Info')['data']","actions":{"Return_Local_Start_Time":{"runAfter":{"Event_Desc":["Succeeded"]},"type":"Expression","kind":"ConvertTimeZone","inputs":{"baseTime":"@{body('Must_be_Eastern')}T@{outputs('Return_24_Time')}","formatString":"t","sourceTimeZone":"Eastern Standard Time","destinationTimeZone":"Eastern Standard Time"}},"Return_24_Time":{"runAfter":{},"type":"Compose","inputs":"@formatDateTime(items('Loop_Each_Reporting_Symbol')[concat('CS_EVENT_TIME_R', outputs('Formula_Date_Range'), '[0]')], 'HH:mm:dd')"},"Check_Calendar":{"runAfter":{"Return_Local_Start_Time":["Succeeded"],"Return_End_Date_Time":["Succeeded"],"Return_Start_Date_Time":["Succeeded"]},"type":"OpenApiConnection","inputs":{"host":{"apiId":"/providers/Microsoft.PowerApps/apis/shared_office365","connectionName":"shared_office365","operationId":"GetEventsCalendarViewV3"},"parameters":{"calendarId":"@outputs('Calendar')","startDateTimeUtc":"@body('Return_Start_Date_Time')","endDateTimeUtc":"@body('Return_End_Date_Time')"},"authentication":"@parameters('$authentication')"}},"Create_Title":{"runAfter":{"Check_Calendar":["Succeeded"]},"type":"Compose","inputs":"@{items('Loop_Each_Reporting_Symbol')[concat('CS_EVENT_TIME_R', outputs('Formula_Date_Range'), '[0]')]} - @{items('Loop_Each_Reporting_Symbol')['Proper_Name']} (@{outputs('Event_Desc')})"},"Create_Value":{"runAfter":{"Check_Calendar":["Succeeded"]},"type":"Compose","inputs":"@{items('Loop_Each_Reporting_Symbol')['requestId']};@{body('Return_Start_Date_Time')};@{body('Return_End_Date_Time')};@{outputs('Event_Desc')};@{body('Return_Local_Start_Time')}"},"Create_Key":{"runAfter":{"Check_Calendar":["Succeeded"]},"type":"Compose","inputs":"@{items('Loop_Each_Reporting_Symbol')[concat('CS_EVENT_TIME_R', outputs('Formula_Date_Range'), '[0]')]}@{items('Loop_Each_Reporting_Symbol')['Proper_Name']}@{outputs('Event_Desc')}"},"Return_End_Date_Time":{"runAfter":{"Create_Event_End_Time":["Succeeded"]},"type":"Expression","kind":"ConvertTimeZone","inputs":{"baseTime":"@body('Create_Event_End_Time')","formatString":"s","sourceTimeZone":"Eastern Standard Time","destinationTimeZone":"UTC"}},"Return_Start_Date_Time":{"runAfter":{"Event_Desc":["Succeeded"]},"type":"Expression","kind":"ConvertTimeZone","inputs":{"baseTime":"@{body('Must_be_Eastern')}T@{outputs('Return_24_Time')}","formatString":"s","sourceTimeZone":"Eastern Standard Time","destinationTimeZone":"UTC"}},"Event_Desc":{"runAfter":{"Return_24_Time":["Succeeded"]},"type":"Compose","inputs":"@if(equals(null, item()[concat('CS_EVENT_DESC_R', outputs('Formula_Date_Range'), '[0]')]), 'UNSPECIFIED', item()[concat('CS_EVENT_DESC_R', outputs('Formula_Date_Range'), '[0]')])"},"FilterGT":{"runAfter":{"Check_If_Calendar_Has_Conflict":["Succeeded"]},"type":"Query","inputs":{"from":"@variables('arrReporting')","where":"@greater(item()['sort'], outputs('Create_Sort_Value'))"}},"Check_If_Calendar_Has_Conflict":{"actions":{"Set_Entry":{"runAfter":{},"type":"SetVariable","inputs":{"name":"Entry","value":[{"title":"*@{outputs('Create_Title')}","value":"@{outputs('Create_Value')}","key":"@{outputs('Create_Key')}","sort":"@{outputs('Create_Sort_Value')}"}]}}},"runAfter":{"Create_Key":["Succeeded"],"Create_Title":["Succeeded"],"Create_Value":["Succeeded"],"Create_Sort_Value":["Succeeded"]},"else":{"actions":{"Set_Entry_With_Conflict":{"runAfter":{},"type":"SetVariable","inputs":{"name":"Entry","value":[{"title":"@{outputs('Create_Title')}","value":"@{outputs('Create_Value')}","key":"@{outputs('Create_Key')}","sort":"@{outputs('Create_Sort_Value')}"}]}}}},"expression":{"equals":["@length(outputs('Check_Calendar')?['body/value'])",0]},"type":"If"},"Create_Sort_Value":{"runAfter":{"Check_Calendar":["Succeeded"]},"type":"Compose","inputs":"@{body('Return_Start_Date_Time')}@{items('Loop_Each_Reporting_Symbol')['Proper_Name']}"},"FilterLT":{"runAfter":{"Check_If_Calendar_Has_Conflict":["Succeeded"]},"type":"Query","inputs":{"from":"@variables('arrReporting')","where":"@lessOrEquals(item()['sort'], outputs('Create_Sort_Value'))"}},"Add_Entry_to_Reporting_Array":{"runAfter":{"FilterLT":["Succeeded"],"FilterGT":["Succeeded"]},"type":"SetVariable","inputs":{"name":"arrReporting","value":"@union(body('FilterLT'), variables('Entry'), body('FilterGT'))"}},"Create_Event_End_Time":{"runAfter":{"Event_Desc":["Succeeded"]},"type":"Expression","kind":"AddToTime","inputs":{"baseTime":"@{body('Must_be_Eastern')}T@{outputs('Return_24_Time')}","interval":"@sub(mul(outputs('Duration_In_Minutes'),60), 1)","timeUnit":"Second"}}},"runAfter":{},"type":"Foreach"},"Ask_User":{"runAfter":{"Loop_Each_Reporting_Symbol":["Succeeded"]},"limit":{"timeout":"P1D"},"type":"OpenApiConnectionWebhook","inputs":{"host":{"apiId":"/providers/Microsoft.PowerApps/apis/shared_teams","connectionName":"shared_teams","operationId":"SubscribeUserFlowContinuation"},"parameters":{"UserFlowContinuationSubscriptionRequest/body/recipient/to":"@{outputs('Get_my_profile_(V2)')?['body/mail']};","UserFlowContinuationSubscriptionRequest/body/messageBody":"{\n  \"type\": \"AdaptiveCard\",\n  \"$schema\": \"http://adaptivecards.io/schemas/adaptive-card.json\",\n  \"version\": \"1.2\",\n  \"msteams\": {\n        \"width\": \"Full\"\n    },\n  \"body\": [\n    {\n      \"type\": \"RichTextBlock\",\n      \"inlines\": [\n        {\n          \"type\": \"TextRun\",\n          \"text\": \"Hi  @{outputs('Get_my_profile_(V2)')?['body/givenName']}, The following firm(s) from your watchlist report earnings today.  Events with an '*' do not conflict with your Outlook Calendar.  Should you want me to add any of these events to your calendar, please check the box to the left of the event before clicking OK.\",\n          \"color\": \"Accent\"\n        }\n      ]\n    },\n    {\n      \"type\": \"Input.ChoiceSet\",\n      \"choices\": @{string(variables('arrReporting'))},\n      \"placeholder\": \"Placeholder text\",\n      \"isMultiSelect\": true,\n      \"style\": \"expanded\",\n      \"id\": \"Earnings\"\n    }\n  ],\n  \"actions\": [\n    {\n      \"type\": \"Action.Submit\",\n      \"title\": \"OK\"\n    },\n    {\n      \"type\": \"Action.Submit\",\n      \"title\": \"Cancel\"\n    }\n  ]\n}","UserFlowContinuationSubscriptionRequest/body/updateMessage":"Message Received Loud and Clear","UserFlowContinuationSubscriptionRequest/body/shouldUpdateCard":true,"UserFlowContinuationSubscriptionRequest/body/recipient/summary":"Reporting Today"},"authentication":"@parameters('$authentication')"}}},"runAfter":{"Return_CS_Info":["Succeeded"]},"expression":{"greater":["@length(body('Return_CS_Info')['data'])",0]},"type":"If"},"Get_my_profile_(V2)":{"runAfter":{"Must_be_Eastern":["Succeeded"]},"type":"OpenApiConnection","inputs":{"host":{"apiId":"/providers/Microsoft.PowerApps/apis/shared_office365users","connectionName":"shared_office365users","operationId":"MyProfile_V2"},"parameters":{},"authentication":"@parameters('$authentication')"}},"Calendar":{"runAfter":{"Formula_Date_Range":["Succeeded"]},"type":"Compose","inputs":"Calendar"},"Formula_Date_Range":{"runAfter":{"Universe":["Succeeded"]},"type":"Compose","inputs":"('E',20210330,20210330)"}}},"connectionReferences":{"shared_office365":{"connectionName":"shared-office365-12384638-34a0-4423-b608-55c9bf9da5a7","source":"Embedded","id":"/providers/Microsoft.PowerApps/apis/shared_office365","tier":"NotSpecified"},"shared_teams":{"connectionName":"shared-teams-1a52a76f-67bd-4fe7-b51e-fbf3-9dabecdb","source":"Embedded","id":"/providers/Microsoft.PowerApps/apis/shared_teams","tier":"NotSpecified"},"shared_office365users":{"connectionName":"shared-office365user-19750de9-554a-41a3-bbdf-09094abc5b1e","source":"Embedded","id":"/providers/Microsoft.PowerApps/apis/shared_office365users","tier":"NotSpecified"}},"flowFailureAlertSubscribed":false}}